,ID,dataset group name,Dataset Name,Host,Guest,Ex _G_(kcal/mol),Ex _G_SEM,EX _H_(kcal/mol),EX _H_SEM,pb_guest_Etot,pb_guest_VDWAALS,pb_guest_EELEC,pb_guest_EPB,pb_guest_ECAVITY,pb_host_Etot,pb_host_VDWAALS,pb_host_EELEC,pb_host_EPB,pb_host_ECAVITY,pb_complex_Etot,pb_complex_VDWAALS,pb_complex_EELEC,pb_complex_EPB,pb_complex_ECAVITY,gb_Complex_Etot,gb_Complex_1-4EEL,gb_Complex_EELEC,gb_Complex_EGB,gb_Complex_ESURF,gb_guest_Etot,gb_guest_1-4EEL,gb_guest_EELEC,gb_guest_EGB,gb_guest_ESURF,gb_host_Etot,gb_host_1-4EEL,gb_host_EELEC,gb_host_EGB,gb_host_ESURF,gb_delta_H,pb_delta_H,EX _delta_H_(kcal/mol),gb_Ex_difference,SQR_gbnsr6_Ex_difference,pb_Ex_difference
0,1,Mobley benchmarkset,cd-set1,acd,guest-1,-1.575,0.019,-2.17,0.05,-47.8832,-0.0564,16.4764,-65.7376,1.4344,-569.5795,-28.5717,-428.952,-117.2248,5.1691,-618.3035,-40.2895,-402.7811,-180.2048,4.9718,-124.2654,435.8248,-402.7811,-162.2809,4.9718,-37.2778,12.2487,16.4764,-67.4372,1.4344,-96.654,423.5761,-428.952,-96.4471,5.1691,-1.995000000000033,-0.8407999999999447,-2.17,0.17499999999996696,0.030624999999988436,1.3292000000000552
1,2,Mobley benchmarkset,cd-set1,acd,guest-2,-3.533,0.004,-4.19,0.02,-52.0758,-0.3831,11.5637,-65.0001,1.7438,-550.6551,-27.1334,-397.9784,-130.6159,5.0726,-611.2118,-44.0766,-376.0288,-196.0953,4.9888,-118.5231,428.9798,-376.0288,-176.463,4.9888,-37.1659,16.3135,11.5637,-66.7869,1.7438,-86.6549,412.6663,-397.9784,-106.4154,5.0726,-11.262399999999985,-8.480900000000133,-4.19,-7.072399999999985,50.01884175999979,-4.290900000000133
2,3,Mobley benchmarkset,cd-set1,acd,guest-3,-4.606,0.007,-5.46,0.03,-51.5323,-0.6493,11.3698,-64.3157,2.0628,-571.7392,-29.093,-429.3068,-118.4746,5.1352,-637.0949,-48.7146,-410.1856,-183.5218,5.327,-125.3753,443.1017,-410.1856,-163.6184,5.327,-35.816,16.8092,11.3698,-66.0578,2.0628,-93.1242,426.2925,-429.3068,-95.2452,5.1352,-15.407399999999996,-13.823400000000106,-5.46,-9.947399999999995,98.9507667599999,-8.363400000000105
3,4,Mobley benchmarkset,cd-set1,acd,guest-4,-2.13,0.016,-2.74,0.02,2.3898,-0.0159,11.2809,-10.2083,1.333,-558.4063,-29.6231,-416.5215,-117.3465,5.0849,-567.3484,-43.0228,-405.0136,-124.2571,4.9451,-112.615,389.7009,-405.0136,-102.2474,4.9451,-26.6261,-30.3678,11.2809,-8.8723,1.333,-88.8141,420.0687,-416.5215,-97.4461,5.0849,-10.558600000000013,-11.331900000000019,-2.74,-7.818600000000012,61.13050596000019,-8.591900000000019
4,5,Mobley benchmarkset,cd-set1,acd,guest-5,-2.51,0.06,-2.99,0.23,-3.228,-0.9041,5.6626,-9.5379,1.5514,-569.257,-28.8169,-435.9689,-109.5594,5.0881,-586.5335,-46.8309,-431.7111,-113.0057,5.0142,-105.4031,414.8143,-431.7111,-93.5205,5.0142,-11.5809,-10.9172,5.6626,-7.8776,1.5514,-96.3804,425.7315,-435.9689,-91.2312,5.0881,-14.551699999999983,-14.048500000000104,-2.99,-11.561699999999982,133.67290688999958,-11.058500000000103
5,6,Mobley benchmarkset,cd-set1,acd,guest-6,-1.506,0.036,-2.53,0.12,-56.4635,-0.18,20.7874,-78.389,1.3182,-567.7269,-29.5037,-421.3737,-122.0287,5.1792,-631.85,-43.3678,-423.2347,-170.2222,4.9746,-158.1727,409.1247,-423.2347,-149.0374,4.9746,-72.4224,-13.2848,20.7874,-81.2432,1.3182,-93.5818,422.4095,-421.3737,-99.7968,5.1792,-5.852599999999995,-7.659600000000069,-2.53,-3.3225999999999956,11.03967075999997,-5.129600000000069
6,7,Mobley benchmarkset,cd-set1,acd,guest-7,-3.38,0.005,-3.4,0.02,-71.4929,-0.7283,5.2092,-77.6277,1.6538,-558.3228,-32.1483,-398.7469,-132.4588,5.0312,-640.8398,-50.323,-413.3124,-182.1048,4.9003,-134.8209,432.7899,-413.3124,-159.1988,4.9003,-62.7235,10.4248,5.2092,-80.0113,1.6538,-77.6805,422.3651,-398.7469,-106.33,5.0312,-11.86330000000001,-11.024099999999976,-3.4,-8.46330000000001,71.62744689000016,-7.6240999999999755
7,8,Mobley benchmarkset,cd-set1,acd,guest-8,-4.622,0.017,-4.89,0.03,-70.047,-0.9808,7.8669,-78.9082,1.975,-562.3132,-29.7414,-421.1437,-116.5491,5.121,-646.9127,-50.1526,-423.2391,-178.6633,5.1423,-157.7192,421.0379,-423.2391,-160.6604,5.1423,-68.7585,2.5746,7.8669,-81.1751,1.975,-92.573,418.4633,-421.1437,-95.0137,5.1211,-15.818100000000015,-14.552499999999895,-4.89,-10.928100000000015,119.42336961000032,-9.662499999999895
8,9,Mobley benchmarkset,cd-set1,acd,guest-9,-1.685,0.018,-2.57,0.06,-40.7839,-0.1053,17.6653,-59.9458,1.602,-565.0316,-30.3947,-421.9704,-117.8831,5.2166,-607.1654,-45.8539,-391.3273,-175.0181,5.034,-88.1572,452.3543,-391.3273,-154.2182,5.034,-16.5074,25.8558,17.6653,-61.6305,1.602,-84.2186,426.4985,-421.9704,-93.9633,5.2166,-2.7851,-1.3498999999999342,-2.57,-0.21510000000000007,0.04626801000000003,1.2201000000000657
9,10,Mobley benchmarkset,cd-set1,acd,guest-10,-1.764,0.02,-2.68,0.07,15.6104,0.1404,75.8586,-61.9268,1.5382,-559.6313,-30.6008,-406.1717,-127.9066,5.0478,-545.949,-45.5654,-313.0269,-192.2877,4.931,-128.4127,351.8971,-313.0269,-172.2139,4.931,-56.3015,-70.0804,75.8586,-63.6179,1.5382,-83.124,421.9775,-406.1717,-103.9776,5.0478,-4.092199999999991,-1.9280999999999722,-2.68,-1.412199999999991,1.9943088399999747,0.751900000000028
10,11,Mobley benchmarkset,cd-set1,acd,guest-11,-2.72,0.004,-3.28,0.02,-51.702,-0.3717,12.1513,-65.0795,1.598,-564.8413,-31.9334,-418.625,-119.3904,5.1074,-621.6075,-46.2407,-395.5337,-184.8333,5.0003,-120.0536,437.0912,-395.5337,-166.6113,5.0003,-38.5873,14.5517,12.1513,-66.8883,1.598,-88.5404,422.5394,-418.625,-97.5622,5.1074,-6.861499999999978,-5.064199999999914,-3.28,-3.5814999999999784,12.827142249999845,-1.7841999999999145
11,12,Mobley benchmarkset,cd-set1,acd,guest-12,-3.516,0.012,-4.2,0.08,-41.1288,-0.7891,16.8307,-59.0872,1.9168,-550.8275,-28.6474,-400.939,-126.224,4.9828,-603.8937,-47.4893,-375.2795,-186.2387,5.1137,-97.7365,440.7783,-375.2795,-168.349,5.1137,-13.6899,28.3717,16.8307,-60.8091,1.9168,-88.6085,412.4066,-400.939,-105.059,4.9828,-13.490899999999982,-11.937400000000025,-4.2,-9.290899999999983,86.32082280999968,-7.737400000000025
12,13,Mobley benchmarkset,cd-set1,acd,guest-13,-3.604,0.004,-4.28,0.02,-8.3044,-0.2628,52.0518,-61.9471,1.8537,-549.2501,-30.685,-391.0571,-132.5913,5.0833,-566.6423,-50.0229,-344.3053,-177.2675,4.9535,-139.1219,360.0012,-344.3053,-159.7713,4.9535,-59.069,-49.3723,52.0518,-63.6022,1.8537,-87.1586,409.3735,-391.0571,-110.5583,5.0833,-11.969399999999979,-9.087800000000016,-4.28,-7.689399999999979,59.12687235999967,-4.807800000000015
13,14,Mobley benchmarkset,cd-set1,acd,guest-14,-4.137,0.004,-4.66,0.02,-51.9089,-0.688,11.3413,-64.5095,1.9472,-564.2737,-29.2511,-401.3316,-138.8019,5.1109,-629.5797,-49.0065,-378.1315,-207.6078,5.166,-124.2113,436.7039,-378.1315,-187.9497,5.166,-35.8932,16.8888,11.3413,-66.0705,1.9472,-92.319,419.815,-401.3316,-115.9134,5.1109,-15.066500000000019,-13.397100000000023,-4.66,-10.406500000000019,108.2952422500004,-8.737100000000023
14,15,Mobley benchmarkset,cd-set1,acd,guest-15,-4.166,0.004,-4.74,0.02,-10.2171,-0.4231,50.6137,-62.4443,2.0366,-563.2817,-28.3094,-420.305,-119.7618,5.0945,-583.1574,-47.8325,-362.6281,-177.7223,5.0255,-154.3502,371.2406,-362.6281,-167.9881,5.0255,-56.9169,-45.4646,50.6137,-64.1026,2.0366,-103.2204,416.7052,-420.305,-104.7151,5.0945,-13.312900000000013,-9.658600000000092,-4.74,-8.572900000000013,73.49461441000022,-4.918600000000092
15,16,Mobley benchmarkset,cd-set1,acd,guest-16,-2.022,0.016,-2.75,0.05,-0.76,0.1861,7.9702,-10.1307,1.2144,-560.5006,-28.5523,-406.7168,-130.3035,5.072,-570.627,-39.9059,-399.734,-135.8925,4.9053,-111.2527,397.6888,-399.734,-114.1129,4.9053,-21.8322,-21.8916,7.9702,-9.1252,1.2144,-92.8026,419.5804,-406.7168,-110.7382,5.072,-8.157600000000002,-9.366399999999999,-2.75,-5.407600000000002,29.242137760000023,-6.616399999999999
16,17,Mobley benchmarkset,cd-set1,acd,guest-17,-3.227,1.135,-0.93,0.32,-5.0152,-0.6542,4.2066,-10.2304,1.6629,-564.9328,-25.8244,-437.2679,-106.9166,5.0761,-581.7721,-42.5323,-432.5304,-111.7555,5.046,-109.7615,412.5202,-432.5304,-94.7974,5.046,-13.7608,-10.7256,4.2066,-8.9047,1.6629,-100.5705,423.2458,-437.2679,-91.6246,5.0761,-11.483900000000006,-11.82409999999993,-0.93,-10.553900000000006,111.38480521000012,-10.89409999999993
17,18,Mobley benchmarkset,cd-set1,acd,guest-18,-2.596,0.005,-2.75,0.01,-74.9706,-0.3414,3.0144,-79.1318,1.4882,-564.6525,-31.5748,-395.4914,-142.6214,5.0351,-647.2661,-48.1415,-428.3186,-175.6289,4.8229,-148.0609,428.1475,-428.3186,-152.7128,4.8229,-74.6257,2.4931,3.0144,-81.6214,1.4882,-81.2172,425.6545,-395.4914,-116.4153,5.0351,-8.443300000000022,-7.643000000000029,-2.75,-5.693300000000022,32.41366489000025,-4.893000000000029
18,19,Mobley benchmarkset,cd-set1,acd,guest-19,-3.344,0.01,-4.12,0.06,-108.4722,-0.451,-29.6209,-80.0158,1.6155,-554.0232,-27.3337,-397.2789,-134.5599,5.1493,-668.9876,-43.6261,-448.3987,-181.94,4.9772,-145.2365,458.4954,-448.3987,-160.3104,4.9772,-68.147,41.8648,-29.6209,-82.0064,1.6155,-86.072,416.6306,-397.2789,-110.573,5.1493,-6.858900000000034,-6.492200000000025,-4.12,-2.738900000000034,7.501573210000186,-2.372200000000025
19,20,Mobley benchmarkset,cd-set1,acd,guest-20,-3.011,0.01,-3.36,0.05,-58.8733,-0.771,19.8072,-79.535,1.6255,-562.0225,-29.7112,-414.4115,-122.9885,5.0886,-629.0728,-47.4249,-422.7012,-163.8286,4.8819,-129.3039,433.5625,-422.7012,-145.0472,4.8819,-49.6371,10.8392,19.8072,-81.909,1.6255,-88.5191,422.7233,-414.4115,-101.9195,5.0886,-8.090400000000017,-8.177000000000021,-3.36,-4.730400000000017,22.376684160000163,-4.8170000000000215
20,21,Mobley benchmarkset,cd-set1,acd,guest-21,-3.991,0.013,-4.19,0.09,-70.0187,-0.8065,8.6868,-79.7147,1.8157,-561.1469,-29.3854,-392.3947,-144.3678,5.001,-644.1034,-49.1928,-412.0417,-187.7786,4.9097,-143.8768,426.4795,-412.0417,-163.2243,4.9097,-65.4863,5.7365,8.6868,-81.7253,1.8157,-82.6763,420.743,-392.3947,-116.0256,5.001,-14.715100000000007,-12.937800000000038,-4.19,-10.525100000000005,110.77773001000011,-8.747800000000037
21,22,Mobley benchmarkset,cd-set1,acd,guest-22,-3.597,0.004,-4.48,0.02,-72.2034,-0.7476,7.1683,-80.405,1.7809,-560.8236,-32.4843,-407.9364,-125.4441,5.0412,-646.4312,-51.7214,-409.1274,-190.5455,4.9632,-145.08,433.3991,-409.1274,-174.3148,4.9632,-60.7484,13.4171,7.1683,-83.1147,1.7809,-87.4527,419.982,-407.9364,-104.5395,5.0412,-15.368400000000008,-13.404199999999946,-4.48,-10.888400000000008,118.55725456000017,-8.924199999999946
22,23,Mobley benchmarkset,cd-set2,bcd,guest-1,-2.486,0.084,0.6,0.05,-52.4013,-0.3816,11.4951,-65.2392,1.7244,-658.3706,-32.461,-475.9529,-155.9068,5.9502,-715.1588,-45.9909,-455.9372,-218.9603,5.7296,-133.8093,510.6662,-455.9372,-194.268,5.7296,-37.798,16.099,11.4951,-67.1165,1.7244,-103.2494,494.5672,-475.9529,-127.8139,5.9502,-5.910200000000032,-4.386900000000082,0.6,-6.510200000000031,42.382704040000405,-4.986900000000082
23,24,Mobley benchmarkset,cd-set2,bcd,guest-2,-3.585,0.12,-0.48,0.03,-51.3396,-0.537,11.4949,-64.3805,2.083,-664.2951,-30.1805,-512.9161,-127.1022,5.9038,-724.6922,-44.4014,-492.3344,-193.9347,5.9783,-150.7037,513.1294,-492.3344,-177.477,5.9783,-36.1295,16.1817,11.4949,-65.889,2.083,-117.4711,496.9477,-512.9161,-107.4064,5.9038,-10.786999999999978,-9.05749999999989,-0.48,-10.306999999999977,106.23424899999954,-8.57749999999989
24,25,Mobley benchmarkset,cd-set2,bcd,guest-3,-3.05,0.01,-1.09,0.01,2.6721,-0.2102,11.4711,-9.9341,1.3453,-655.6313,-35.7162,-500.5384,-125.2268,5.8501,-662.8542,-48.9603,-489.6191,-129.843,5.5682,-135.9322,458.5854,-489.6191,-110.4666,5.5682,-27.2824,-31.1646,11.4711,-8.9343,1.3453,-111.8654,489.7499,-500.5384,-106.927,5.8501,-9.818299999999994,-9.894999999999982,-1.09,-8.728299999999994,76.18322088999989,-8.804999999999982
25,26,Mobley benchmarkset,cd-set2,bcd,guest-4,-4.541,0.008,-2.17,0.02,-7.3841,-0.9454,1.9234,-9.9248,1.5627,-657.8,-32.0456,-493.1739,-138.4773,5.8968,-679.2148,-49.8503,-491.5976,-143.3782,5.6113,-122.7095,481.5631,-491.5976,-118.2863,5.6113,-19.4122,-14.3757,1.9234,-8.5225,1.5627,-105.2313,495.9388,-493.1739,-113.8931,5.8968,-14.925299999999993,-14.030700000000024,-2.17,-12.755299999999993,162.6976780899998,-11.860700000000024
26,27,Mobley benchmarkset,cd-set2,bcd,guest-5,-4.56,0.011,-2.96,0.01,-2.6649,-0.6581,5.6233,-9.1704,1.5403,-652.0011,-30.321,-489.2507,-138.3938,5.9643,-668.5052,-48.4317,-484.061,-141.6558,5.6432,-117.1864,480.3267,-484.061,-119.0954,5.6432,-11.7225,-11.174,5.6233,-7.7121,1.5403,-108.9611,491.5007,-489.2507,-117.1754,5.9643,-13.955399999999997,-13.839200000000005,-2.96,-10.995399999999997,120.89882115999993,-10.879200000000004
27,28,Mobley benchmarkset,cd-set2,bcd,guest-6,-1.267,0.323,1.89,0.53,-75.7467,-0.3575,2.9062,-79.7771,1.4818,-666.5848,-34.7647,-487.4255,-150.3297,5.935,-748.0052,-47.4039,-513.2384,-193.0354,5.6726,-176.6205,501.517,-513.2384,-170.5717,5.6726,-75.3818,2.5836,2.9062,-82.3533,1.4818,-108.5145,498.9334,-487.4255,-125.9574,5.935,-5.0058999999999685,-5.67369999999994,1.89,-6.895899999999968,47.55343680999956,-7.5636999999999395
28,29,Mobley benchmarkset,cd-set2,bcd,guest-7,-3.394,0.179,0.42,0.04,-68.6879,-0.6766,8.754,-78.579,1.8137,-661.4972,-29.4625,-495.0073,-142.8706,5.8433,-741.2205,-43.4981,-505.7685,-197.7201,5.7662,-168.6486,504.7287,-505.7685,-173.3749,5.7662,-64.7938,5.941,8.754,-81.3024,1.8137,-106.0676,498.7877,-495.0073,-115.6912,5.8433,-11.146199999999993,-11.035399999999981,0.42,-11.566199999999993,133.77698243999984,-11.455399999999981
29,30,Mobley benchmarkset,cd-set2,bcd,guest-8,-1.64,0.024,-2.51,0.08,-75.3435,-0.492,1.3785,-77.6946,1.4647,-656.1663,-33.5223,-485.996,-142.5054,5.8573,-738.4205,-46.0,-493.3105,-204.8131,5.7031,-150.9638,517.3217,-493.3105,-180.6782,5.7031,-53.5963,23.2159,1.3785,-79.6553,1.4647,-103.0483,494.1058,-485.996,-117.0155,5.8573,-6.304899999999975,-6.910699999999906,-2.51,-3.7948999999999753,14.401266009999812,-4.400699999999906
30,31,Mobley benchmarkset,cd-set2,bcd,guest-9,-1.697,0.048,-1.79,0.11,-51.2386,-1.2346,25.8609,-77.4623,1.5975,-666.2376,-32.366,-516.3177,-123.4944,5.9405,-728.0919,-49.1785,-508.8621,-175.8203,5.769,-172.0615,487.5653,-508.8621,-156.5336,5.769,-61.4935,-9.4237,25.8609,-79.5281,1.5975,-117.6936,496.989,-516.3177,-104.3053,5.9405,-8.452300000000037,-10.615699999999947,-1.79,-6.6623000000000365,44.386241290000484,-8.825699999999948
31,32,Mobley benchmarkset,cd-set2,bcd,guest-10,-2.192,0.013,-2.89,0.05,-47.3442,-1.357,29.8356,-77.5945,1.7717,-651.0351,-30.3812,-486.002,-140.5815,5.9297,-710.097,-47.7124,-475.6655,-192.5277,5.8086,-167.414,474.3496,-475.6655,-171.9067,5.8086,-62.1176,-14.0914,29.8356,-79.6335,1.7717,-109.4871,488.441,-486.002,-117.8558,5.9297,-11.783499999999975,-11.717699999999923,-2.89,-8.893499999999975,79.09434224999954,-8.827699999999922
32,33,Mobley benchmarkset,cd-set2,bcd,guest-11,-2.512,0.007,-1.96,0.01,-61.5561,-0.9422,15.7075,-78.1711,1.8496,-682.4952,-34.4403,-530.2231,-123.801,5.9692,-752.0756,-53.2697,-537.8328,-166.7769,5.8038,-169.0036,512.5556,-537.8328,-149.5302,5.8038,-57.3874,5.2243,15.7075,-80.1689,1.8496,-121.4925,507.3313,-530.2231,-104.5699,5.9692,-8.010899999999992,-8.02430000000004,-1.96,-6.050899999999992,36.613390809999906,-6.064300000000039
33,34,Mobley benchmarkset,cd-set2,bcd,guest-12,-3.599,0.018,-2.82,0.01,-58.2995,-0.9205,16.1447,-75.4008,1.8772,-656.504,-33.3603,-479.5709,-149.3789,5.8061,-728.4252,-53.8042,-507.7153,-172.5108,5.605,-116.8844,535.6855,-507.7153,-150.4596,5.605,-18.2472,41.0163,16.1447,-77.2854,1.8772,-101.9367,494.6692,-479.5709,-122.841,5.8061,-16.223900000000015,-13.621700000000033,-2.82,-13.403900000000014,179.6645352100004,-10.801700000000032
34,35,Mobley benchmarkset,cd-set2,bcd,guest-13,-2.557,0.066,0.47,0.03,-6.3763,-0.0222,52.9359,-61.1695,1.8795,-658.0916,-34.562,-478.9553,-150.5595,5.9853,-669.3904,-47.8656,-416.0062,-211.3747,5.8562,-160.8034,439.9762,-416.0062,-190.6296,5.8562,-58.8481,-50.8353,52.9359,-62.8281,1.8795,-108.9491,490.8115,-478.9553,-126.7906,5.9853,-6.287600000000026,-4.922500000000014,0.47,-6.757600000000026,45.66515776000035,-5.392500000000013
35,36,Mobley benchmarkset,cd-set2,bcd,guest-14,-1.554,0.167,0.88,0.17,0.1436,-0.0904,8.9984,-9.9841,1.2197,-666.0184,-35.0116,-495.0822,-141.8581,5.9335,-671.821,-45.1223,-485.9262,-146.4361,5.6637,-129.4321,474.4637,-485.9262,-123.6332,5.6637,-21.4087,-22.8047,8.9984,-8.8222,1.2197,-113.1872,497.2683,-495.0822,-121.3069,5.9335,-4.856499999999983,-5.946199999999976,0.88,-5.736499999999983,32.9074322499998,-6.826199999999976
36,37,Mobley benchmarkset,cd-set2,bcd,guest-15,-4.175,0.01,-2.29,0.03,-6.1893,-0.4414,1.1336,-8.455,1.5735,-665.6749,-33.7503,-493.6747,-144.1982,5.9483,-684.857,-50.954,-492.8723,-146.6533,5.6226,-123.4975,487.8395,-492.8723,-124.0872,5.6226,-17.5092,-13.0889,1.1336,-7.1274,1.5735,-108.9503,500.9283,-493.6747,-122.1523,5.9483,-13.800299999999993,-12.992799999999988,-2.29,-11.510299999999994,132.48700608999985,-10.70279999999999
37,38,Mobley benchmarkset,cd-set2,bcd,guest-16,-4.319,0.006,-2.27,0.01,-19.3196,-0.5083,-11.1169,-9.2628,1.5684,-672.4669,-32.2355,-518.2366,-127.8777,5.8828,-702.6289,-49.5247,-530.3478,-128.2976,5.5412,-130.7646,499.9186,-530.3478,-105.8767,5.5412,-22.3307,-4.939,-11.1169,-7.8432,1.5684,-112.5794,504.8576,-518.2366,-105.0833,5.8828,-12.635399999999976,-10.842399999999998,-2.27,-10.365399999999976,107.4415171599995,-8.572399999999998
38,39,Mobley benchmarkset,cd-set2,bcd,guest-17,-4.971,0.036,-3.92,0.06,-3.7638,1.166,3.2125,-9.7771,1.6348,-664.1682,-35.3852,-501.0026,-133.7423,5.962,-685.3246,-54.8286,-498.1806,-137.9663,5.6509,-122.3871,485.6057,-498.1806,-115.4631,5.6509,-13.8078,-10.2767,3.2125,-8.3784,1.6348,-111.0066,495.8825,-501.0026,-111.8485,5.962,-18.18210000000002,-17.39260000000013,-3.92,-14.26210000000002,203.40749641000056,-13.47260000000013
39,40,Mobley benchmarkset,cd-set2,bcd,guest-18,-2.28,0.03,1.31,0.04,-72.7458,-0.5655,5.168,-79.0015,1.6531,-663.4313,-36.1953,-492.163,-141.0058,5.9329,-743.3207,-49.791,-508.884,-190.3256,5.6799,-160.8756,509.7068,-508.884,-167.3783,5.6799,-64.5728,10.098,5.168,-81.4919,1.6531,-102.4083,499.6088,-492.163,-115.7869,5.9329,-6.924700000000001,-7.143599999999992,1.31,-8.234700000000002,67.81028409000002,-8.453599999999993
40,41,Mobley benchmarkset,cd-set2,bcd,guest-19,-1.458,0.036,-2.75,0.13,-44.823,-1.0276,32.278,-77.8584,1.785,-662.9948,-33.0303,-492.907,-142.9017,5.8441,-718.0941,-49.7544,-474.0232,-200.0628,5.7464,-175.3758,471.9799,-474.0232,-179.0789,5.7464,-70.3265,-24.5879,32.278,-79.8017,1.785,-109.8065,496.5678,-492.907,-119.3115,5.8441,-10.939300000000003,-10.276299999999992,-2.75,-8.189300000000003,67.06463449000005,-7.526299999999992
41,42,Mobley benchmarkset,cd-set2,bcd,guest-20,-2.156,0.01,-2.93,0.03,-44.5429,-1.3863,36.0319,-81.0453,1.8568,-672.0976,-35.5244,-507.2481,-135.226,5.9009,-725.6556,-56.5251,-487.4827,-187.1708,5.523,-167.7313,477.4768,-487.4827,-163.2484,5.523,-67.6992,-22.3874,36.0319,-83.2005,1.8568,-110.9211,499.8642,-507.2481,-109.4381,5.9009,-8.725400000000008,-9.015099999999961,-2.93,-5.795400000000008,33.58666116000009,-6.0850999999999615
42,43,Mobley benchmarkset,cd-set2,bcd,guest-21,-3.518,0.007,-2.25,0.01,-54.0568,-1.2949,23.0443,-77.6474,1.8412,-657.0398,-31.7954,-481.0197,-150.1077,5.883,-724.6345,-49.5859,-468.3901,-212.4766,5.8182,-151.4031,497.6995,-468.3901,-186.5306,5.8182,-53.2496,1.272,23.0443,-79.4072,1.8412,-99.6917,496.4275,-481.0197,-120.9825,5.883,-14.957400000000007,-13.537900000000036,-2.25,-12.707400000000007,161.47801476000018,-11.287900000000036
43,44,Mobley benchmarkset,gdcc-set1,temoa,guest-3,-5.476,0.006,-9.961,0.006,-75.1661,-0.5307,5.2003,-81.4089,1.5732,-987.0488,-43.09,451.7958,-1404.3093,8.5547,-1072.6153,-64.3731,678.2325,-1694.6678,8.193,-666.923,357.9099,678.2325,-1711.2585,8.193,-70.0196,7.4253,5.2003,-84.2184,1.5732,-605.5736,350.4846,451.7958,-1416.4088,8.5547,-12.082199999999943,-10.40039999999999,-9.961,-2.121199999999943,4.499489439999759,-0.43939999999999024
44,45,Mobley benchmarkset,gdcc-set1,temoa,guest-4,-4.52,0.02,-9.1,0.1,-114.2767,0.5122,-43.7356,-72.6517,1.5984,-986.5723,-43.4125,432.0802,-1383.8081,8.5682,-1112.8974,-66.3479,615.6273,-1670.4139,8.2371,-633.7021,430.1255,615.6273,-1687.692,8.2371,-41.7361,75.1689,-43.7356,-74.7678,1.5984,-600.4492,354.9566,432.0802,-1396.0541,8.5682,-14.964399999999955,-12.048399999999901,-9.1,-5.864399999999955,34.39118735999948,-2.9483999999999018
45,46,Mobley benchmarkset,gdcc-set1,temoa,guest-5,-5.26,0.01,-7.6,0.1,-88.985,-0.7693,-14.1518,-75.6528,1.5889,-988.6602,-45.8061,422.9631,-1374.4472,8.63,-1085.8512,-65.7814,631.0384,-1659.4612,8.353,-631.1037,405.0513,631.0384,-1675.5464,8.353,-38.8784,52.0012,-14.1518,-78.3168,1.5889,-601.4345,353.0501,422.9631,-1386.0778,8.63,-9.996800000000007,-8.206000000000131,-7.6,-2.396800000000008,5.744650240000038,-0.6060000000001313
46,47,Mobley benchmarkset,gdcc-set1,temoa,guest-7,-5.73,0.06,-6.62,0.2,46.8339,-0.1712,94.3197,-49.4182,2.1036,-985.6013,-43.8356,426.3398,-1376.789,8.6836,-956.3802,-65.8885,308.5245,-1207.6121,8.596,-630.8137,275.4572,308.5245,-1223.3913,8.596,-28.9529,-74.576,94.3197,-50.8003,2.1036,-602.8903,350.0332,426.3398,-1387.947,8.6836,-20.85220000000004,-17.61279999999988,-6.62,-14.232200000000038,202.55551684000108,-10.992799999999878
47,48,Mobley benchmarkset,gdcc-set1,oa,guest-3,-5.4,0.003,-7.71,0.05,-75.3343,-0.4562,3.3681,-79.7797,1.5335,-733.8849,-40.3197,648.4615,-1350.5032,8.4766,-820.9296,-61.5411,884.6689,-1652.2777,8.2202,-850.9842,-74.7097,884.6689,-1669.1636,8.2202,-69.6605,8.0958,3.3681,-82.6579,1.5335,-788.8171,-82.8056,648.4615,-1362.9496,8.4766,-13.271799999999985,-11.71040000000005,-7.71,-5.561799999999985,30.93361923999983,-4.00040000000005
48,49,Mobley benchmarkset,gdcc-set1,oa,guest-4,-5.34,0.005,-5.67,0.01,-115.2047,-0.2181,-42.9311,-73.7048,1.6492,-728.4854,-41.4003,691.2398,-1386.7706,8.4456,-855.4175,-63.0672,872.5259,-1673.1803,8.3041,-820.3394,-13.7718,872.5259,-1687.3975,8.3041,-42.9772,74.2125,-42.9311,-75.9078,1.6492,-785.8641,-87.9843,691.2398,-1397.5653,8.4456,-12.946899999999914,-11.727399999999989,-5.67,-7.276899999999914,52.95327360999875,-6.057399999999989
49,50,Mobley benchmarkset,gdcc-set1,oa,guest-5,-4.73,0.01,-4.45,0.08,-88.4759,-0.5729,-14.3696,-75.1177,1.5842,-733.1773,-41.2036,654.0574,-1354.6265,8.5955,-828.7896,-60.9362,863.8516,-1640.2012,8.4963,-816.4562,-32.0959,863.8516,-1656.7082,8.4963,-38.0548,52.222,-14.3696,-77.4914,1.5842,-788.0944,-84.3179,654.0574,-1366.4294,8.5955,-9.466699999999946,-7.1363999999999805,-4.45,-5.016699999999946,25.16727888999946,-2.6863999999999804
50,51,Mobley benchmarkset,gdcc-set1,oa,guest-6,-9.37,0.01,-14.78,0.02,-69.4741,-1.8199,3.0856,-72.5923,1.8524,-736.4825,-42.0642,677.3402,-1380.2716,8.5131,-821.6575,-67.7373,898.3322,-1660.5098,8.2573,-837.8113,-70.0306,898.3322,-1674.3703,8.2573,-55.5602,14.2399,3.0856,-74.7381,1.8524,-789.8759,-84.2705,677.3402,-1391.4588,8.5131,-16.228399999999965,-15.700900000000047,-14.78,-1.4483999999999657,2.097862559999901,-0.9209000000000476
51,52,Mobley benchmarkset,gdcc-set1,oa,guest-7,-4.49,0.01,-5.91,0.1,46.839,-0.7399,94.9982,-49.5227,2.1034,-734.7271,-37.8607,661.8415,-1367.1831,8.4752,-703.6363,-56.2562,536.3743,-1192.3653,8.6109,-816.9802,-155.5157,536.3743,-1206.4497,8.6109,-28.9667,-75.175,94.9982,-50.8933,2.1034,-787.7602,-80.3408,661.8415,-1377.7361,8.4752,-17.908900000000017,-15.74820000000011,-5.91,-11.998900000000017,143.9736012100004,-9.83820000000011
52,53,Mobley benchmarkset,gdcc-set1,oa,guest-8,-3.72,0.01,-9.96,0.11,17.1632,-0.2457,66.7274,-51.3796,2.0611,-732.762,-38.2766,647.3511,-1350.4069,8.5704,-732.9721,-59.9428,478.4095,-1159.9349,8.4961,-800.5099,-112.2727,478.4095,-1175.1428,8.4961,-16.5514,-32.8805,66.7274,-52.4593,2.0611,-785.5054,-79.3921,647.3511,-1362.0348,8.5704,-19.87360000000001,-17.373299999999972,-9.96,-9.91360000000001,98.27946496000018,-7.413299999999971
53,54,SAMPL5,sample,OAH,guest-1,-5.04,0.01,-7.69,0.01,-75.1904,-0.9877,4.6991,-80.4206,1.5188,-734.7783,-37.9335,671.9675,-1377.178,8.3657,-819.145,-61.6989,922.8621,-1688.3899,8.0817,-845.4965,-72.6303,922.8621,-1703.81,8.0817,-69.9357,7.2396,4.6991,-83.3932,1.5188,-788.3207,-79.8699,671.9675,-1388.784,8.3657,-10.017799999999966,-9.176300000000083,-7.69,-2.3277999999999652,5.418652839999838,-1.4863000000000826
54,55,SAMPL5,sample,OAH,guest-2,-4.25,0.01,-4.39,0.03,-89.4726,-0.615,-14.1758,-76.2822,1.6004,-732.8999,-36.7056,675.4077,-1379.9858,8.3838,-829.7757,-61.3059,907.4024,-1684.0482,8.1761,-813.632,-30.3558,907.4024,-1698.8547,8.1761,-39.1434,52.2851,-14.1758,-78.8531,1.6004,-789.2523,-82.6409,675.4077,-1390.4029,8.3838,-9.221599999999853,-7.4032000000000835,-4.39,-4.831599999999853,23.344358559998582,-3.013200000000084
55,56,SAMPL5,sample,OAH,guest-3,-5.06,0.01,-5.93,0.08,46.043,-1.6469,95.4042,-49.6576,1.9433,-731.1777,-40.7953,678.2864,-1377.0686,8.3998,-702.9133,-67.5685,529.8172,-1173.3377,8.1757,-808.6401,-157.4342,529.8172,-1189.1988,8.1757,-28.7162,-74.9358,95.4042,-51.1279,1.9433,-783.8365,-82.4983,678.2864,-1388.0243,8.3998,-21.213699999999903,-17.778600000000097,-5.93,-15.283699999999904,233.59148568999706,-11.848600000000097
56,57,SAMPL5,sample,OAH,guest-4,-9.37,0.0,-14.8,0.01,-71.3182,-2.9703,3.4192,-73.6135,1.8464,-733.3951,-41.3311,682.5314,-1382.9906,8.3952,-823.3637,-73.5548,923.0019,-1680.8834,8.0727,-834.1847,-69.8434,923.0019,-1695.4159,8.0727,-56.3469,14.3225,3.4192,-75.9349,1.8464,-786.2667,-84.1659,682.5314,-1393.0275,8.3952,-20.824500000000057,-18.65039999999999,-14.8,-6.024500000000057,36.294600250000684,-3.85039999999999
57,58,SAMPL5,sample,OAH,guest-5,-4.5,0.0,-9.9,0.05,16.4873,-1.2918,65.2257,-49.3898,1.9432,-730.2861,-37.2694,669.4261,-1370.8423,8.3995,-729.2633,-60.879,491.5438,-1168.1072,8.1792,-796.4612,-112.8583,491.5438,-1183.3259,8.1792,-16.6013,-33.1219,65.2257,-50.6483,1.9432,-783.6079,-79.7364,669.4261,-1381.6971,8.3995,-18.569799999999987,-15.46449999999993,-9.9,-8.669799999999986,75.16543203999976,-5.56449999999993
58,59,SAMPL5,sample,OAH,guest-6,-5.33,0.0,-5.67,0.01,-115.583,-0.2699,-42.6661,-74.3067,1.6596,-732.4071,-38.4452,672.6034,-1374.9652,8.3998,-853.9879,-65.3614,884.8666,-1681.684,8.191,-811.6442,-9.3437,884.8666,-1695.3582,8.191,-43.8887,73.7469,-42.6661,-76.6291,1.6596,-787.7553,-83.0905,672.6034,-1385.668,8.3998,-6.646499999999946,-5.997799999999984,-5.67,-0.9764999999999464,0.9535522499998953,-0.3277999999999839
59,60,SAMPL5,sample,OAME,guest-1,-5.24,0.05,-9.96,0.01,-73.4309,-0.5496,5.4965,-79.9233,1.5455,-990.9853,-47.8239,385.821,-1337.6383,8.6559,-1071.9933,-72.4069,624.483,-1632.3909,8.3215,-660.6131,355.9089,624.483,-1649.3266,8.3215,-68.5374,7.5812,5.4965,-83.1606,1.5455,-607.0857,348.3278,385.821,-1349.8903,8.6559,-9.023400000000038,-7.577099999999973,-9.96,0.936599999999963,0.8772195599999307,2.3829000000000278
60,61,SAMPL5,sample,OAME,guest-2,-5.04,0.03,-7.56,0.1,-88.315,-0.3245,-15.1855,-74.4455,1.6404,-989.1748,-45.2208,385.2185,-1337.8038,8.6313,-1077.5351,-65.2661,610.1913,-1630.8018,8.3416,-626.6331,402.6449,610.1913,-1647.8109,8.3416,-37.7721,52.3926,-15.1855,-76.6196,1.6404,-606.2572,350.2523,385.2185,-1350.3593,8.6313,-2.324600000000032,-0.04529999999999745,-7.56,5.235399999999967,27.40941315999966,7.514700000000002
61,62,SAMPL5,sample,OAME,guest-6,-4.52,0.02,-9.05,0.13,-115.7813,0.0257,-43.1206,-74.3057,1.6193,-989.04,-42.5442,381.48,-1336.6579,8.6821,-1109.3041,-60.1456,569.466,-1627.0072,8.3827,-637.5719,428.4759,569.466,-1643.8965,8.3827,-43.4186,74.4942,-43.1206,-76.4116,1.6193,-604.545,353.9817,381.48,-1348.6888,8.6821,-7.235400000000027,-4.4827999999999975,-9.05,1.8145999999999738,3.292773159999905,4.567200000000003
62,63,SAMPL6,sample,OAA,guest-6,-4.97,,-5.3,,-68.5543,8.0511,-0.2944,-77.8531,1.5421,-899.0737,-38.9342,535.3459,-1403.8171,8.3317,-968.8175,-52.6206,787.3431,-1711.5733,8.0334,-868.2869,64.0587,787.3431,-1727.7221,8.0334,-80.1564,-1.3397,-0.2944,-80.0643,1.5421,-806.3356,65.3984,535.3459,-1415.4116,8.3317,-3.5323999999999387,-1.1894999999999527,-5.3,1.7676000000000611,3.124409760000216,4.110500000000047
63,64,SAMPL6,sample,temoa,guest-1,-5.97,,-8.2,,-97.7932,-0.2002,-20.4218,-78.7869,1.6158,-941.1672,-45.6106,432.2248,-1336.4929,8.7115,-1046.2841,-63.6693,643.9577,-1634.9557,8.3832,-863.1996,137.716,643.9577,-1653.2565,8.3832,-71.9811,27.8526,-20.4218,-81.0277,1.6158,-799.615,109.8633,432.2248,-1350.4146,8.7115,-9.462000000000103,-7.323700000000144,-8.2,-1.2620000000001035,1.5926440000002613,0.8762999999998549
64,65,SAMPL6,sample,CB8,guest-5,-8.18,,-3.2,,-33.8077,3.9992,18.6307,-58.2196,1.7821,1499.0606,-49.0064,1726.3218,-184.4626,6.2079,1446.6907,-71.1716,1673.536,-161.3551,5.6814,-1314.1357,-2834.4331,1673.536,-158.92,5.6814,-40.3715,-1.3654,18.6307,-59.4188,1.7821,-1275.9705,-2832.4453,1726.3218,-176.0548,6.2079,-23.95810000000006,-18.562199999999848,-3.2,-20.75810000000006,430.89871561000245,-15.362199999999849
65,66,SAMPL6,sample,CB8,guest-6,-8.34,,-5.7,,-14.3304,0.7079,44.1999,-60.8356,1.5973,1499.0505,-49.0064,1726.3218,-184.5433,6.2785,1474.7234,-73.8721,1709.7378,-166.9189,5.7765,-1301.8072,-2852.8695,1709.7378,-164.452,5.7765,-37.0227,-20.4242,44.1999,-62.3957,1.5973,-1275.1356,-2832.4453,1726.3218,-175.2906,6.2785,-15.222499999999854,-9.996699999999919,-5.7,-9.522499999999855,90.67800624999724,-4.296699999999919
66,67,SAMPL6,sample,CB8,guest-7,-10.0,,-6.5,,-17.4886,1.5257,38.7359,-59.437,1.6868,1499.0719,-49.0064,1726.3218,-184.5312,6.2877,1462.267,-75.1637,1696.7623,-165.1105,5.7789,-1307.4795,-2847.9638,1696.7623,-162.0569,5.7789,-36.0657,-15.5185,38.7359,-60.9698,1.6868,-1274.9697,-2832.4453,1726.3218,-175.1339,6.2877,-24.127099999999928,-19.316299999999956,-6.5,-17.627099999999928,310.7146544099974,-12.816299999999956
67,68,SAMPL6,sample,CB8,guest-8,-13.5,,-14.4,,-8.2609,3.3647,45.406,-59.1552,2.1236,1498.8121,-49.0064,1726.3218,-184.7117,6.2084,1470.6753,-70.6721,1699.7389,-164.0704,5.679,-1310.0401,-2855.3382,1699.7389,-160.1198,5.679,-36.013,-22.8929,45.406,-60.6497,2.1236,-1275.1234,-2832.4453,1726.3218,-175.2083,6.2084,-23.934099999999944,-19.8759,-14.4,-9.534099999999944,90.89906280999892,-5.475900000000001
68,69,SAMPL6,sample,CB8,guest-9,-8.68,,-4.6,,0.0904,-0.6967,57.0318,-57.9028,1.6581,1499.1331,-49.0064,1726.3218,-184.4052,6.223,1487.8569,-65.736,1711.3958,-163.512,5.7092,-1332.0733,-2888.7892,1711.3958,-160.389,5.7092,-50.6755,-50.255,57.0318,-59.1104,1.6581,-1275.4752,-2832.4453,1726.3218,-175.5746,6.223,-21.95550000000003,-11.366600000000062,-4.6,-17.355500000000028,301.21338025000097,-6.766600000000063
69,70,SAMPL6,sample,CB8,guest-10,-8.22,,-2.0,,59.4054,-2.4011,125.264,-65.2293,1.7718,1499.2301,-49.0064,1726.3218,-184.3334,6.2481,1542.4448,-75.969,1777.406,-164.6854,5.6932,-1357.0386,-2978.6044,1777.406,-161.5333,5.6932,-84.5345,-146.1591,125.264,-65.4112,1.7718,-1275.2788,-2832.4453,1726.3218,-175.4034,6.2481,-21.786800000000085,-16.190700000000106,-2.0,-19.786800000000085,391.51745424000336,-14.190700000000106
70,71,SAMPL6,sample,CB8,guest-11,-7.77,,-2.11,,-36.8744,-1.0304,157.8995,-195.3613,1.6177,1499.0875,-49.0064,1726.3218,-184.5221,6.2942,1449.6802,-70.6514,1743.1452,-228.7908,5.9772,-1353.6577,-2877.8646,1743.1452,-224.9155,5.9772,-86.239,-45.4193,157.8995,-200.3369,1.6177,-1275.1772,-2832.4453,1726.3218,-175.3479,6.2942,-12.85609999999997,-12.532900000000154,-2.11,-10.74609999999997,115.47866520999935,-10.422900000000155
71,72,SAMPL6,sample,CB8,guest-12,-7.05,,-4.8,,-33.6213,5.7707,15.8391,-58.7548,3.5237,1498.63,-49.0064,1726.3218,-184.9021,6.2167,1468.4377,-64.0496,1685.238,-159.1673,6.4166,-1245.8959,-2783.1928,1685.238,-154.3577,6.4166,9.2574,49.2525,15.8391,-59.3579,3.5237,-1276.1637,-2832.4453,1726.3218,-176.2569,6.2167,0.19650000000001455,3.42899999999986,-4.8,4.996500000000014,24.965012250000143,8.22899999999986
